"conversation_id_str","created_at","favorite_count","full_text","id_str","image_url","in_reply_to_screen_name","lang","location","quote_count","reply_count","retweet_count","tweet_url","user_id_str","username"
"1851557648409518469","Wed Oct 30 23:17:35 +0000 2024","0","@impobssible teh tarik matcha choco milk atau yg seger seger gitu","1851765423416709374","","impobssible","in","Tottori-shi, Tottori","0","0","0","https://x.com/nameulan/status/1851765423416709374","1888810382","nameulan"
"1851565927625826399","Wed Oct 30 22:56:27 +0000 2024","0","@ayyuaspita19 Lucu banget ritsuki","1851760103785214205","","ayyuaspita19","in","Washington, DC","0","0","0","https://x.com/howluckyfifii/status/1851760103785214205","1500362332513337346","howluckyfifii"
"1851756251434356759","Wed Oct 30 22:41:08 +0000 2024","1","taeha kalo nangis kaya ritsuki mulutnya nganga lebar bgt https://t.co/avm596JQi6","1851756251434356759","https://pbs.twimg.com/ext_tw_video_thumb/1851569507371986944/pu/img/Kgu_b-eDBK9uDolE.jpg","","in","","0","1","0","https://x.com/DYyoudoinggreat/status/1851756251434356759","1528154278627446785","DYyoudoinggreat"
"1851565927625826399","Wed Oct 30 22:20:48 +0000 2024","0","@ayyuaspita19 ritsuki sayang nangisnya pegel","1851751133813121167","","ayyuaspita19","in","comfort zone","0","0","0","https://x.com/dedeaastii/status/1851751133813121167","1356812442051903489","dedeaastii"
"1851675283885297951","Wed Oct 30 20:49:35 +0000 2024","1","@aktyis fakih happy birthday sebut mau apa","1851728177888137284","","aktyis","in","","0","1","0","https://x.com/gempwiy/status/1851728177888137284","877621309248634881","gempwiy"
"1851565927625826399","Wed Oct 30 20:39:22 +0000 2024","2","@ayyuaspita19 Ritsuki emang gitu .air mata kluarnya dari mulut klau air liurnya kluar dari mata wkwkwkwkw ..","1851725603852161190","","ayyuaspita19","in","Kota Batam, Kepulauan Riau","0","0","0","https://x.com/HerlisOke/status/1851725603852161190","847163984696360960","HerlisOke"
"1851577328461136147","Wed Oct 30 20:39:12 +0000 2024","0","@tanyakanrl udhlah lembek gaono rasane blas","1851725565411381716","","tanyakanrl","in","","0","0","0","https://x.com/gempwiy/status/1851725565411381716","877621309248634881","gempwiy"
"1851722817164972435","Wed Oct 30 20:38:31 +0000 2024","0","@secbuby yang cool enough apalagi..","1851725390643106261","","secbuby","in","","0","0","0","https://x.com/gempwiy/status/1851725390643106261","877621309248634881","gempwiy"
"1851390273072611708","Wed Oct 30 20:27:54 +0000 2024","0","@bukancogil bisa dong","1851722719202808250","","bukancogil","in","","0","0","0","https://x.com/gempwiy/status/1851722719202808250","877621309248634881","gempwiy"
"1851719926073168172","Wed Oct 30 20:16:48 +0000 2024","1","ritsuki kalo nangis deresnya dari mulut umma jd lapnya bkn ke mata tp ke mulut","1851719926073168172","","","in","","0","0","0","https://x.com/lilifancy_/status/1851719926073168172","1508800416125186058","lilifancy_"
"1851651930877317480","Wed Oct 30 20:10:18 +0000 2024","0","@secbuby @desndam spill apa aku kepo.. ","1851718292656001087","","secbuby","in","","0","2","0","https://x.com/gempwiy/status/1851718292656001087","877621309248634881","gempwiy"
"1851716893037748638","Wed Oct 30 20:06:37 +0000 2024","0","@secbuby CPT BGT TIDURNYA","1851717363403731133","","secbuby","in","","0","1","0","https://x.com/gempwiy/status/1851717363403731133","877621309248634881","gempwiy"
"1851711610748027083","Wed Oct 30 20:00:05 +0000 2024","0","@dsepongin minggu kmrin..","1851715721870610503","","dsepongin","in","","0","0","0","https://x.com/gempwiy/status/1851715721870610503","877621309248634881","gempwiy"
"1851715203370795109","Wed Oct 30 19:59:52 +0000 2024","0","@terovris kok ga sadarin gue sejak awal","1851715665448808611","","terovris","in","","0","0","0","https://x.com/gempwiy/status/1851715665448808611","877621309248634881","gempwiy"
"1851711610748027083","Wed Oct 30 19:58:10 +0000 2024","0","@dsepongin kmrin udh engga tpii","1851715236535079052","","dsepongin","in","","0","1","0","https://x.com/gempwiy/status/1851715236535079052","877621309248634881","gempwiy"
"1851715203370795109","Wed Oct 30 19:58:02 +0000 2024","0","ca jd backburner https://t.co/S0yIBXN5bx","1851715203370795109","https://pbs.twimg.com/media/GbKdKW4a4AAPFzq.jpg","","in","","0","8","1","https://x.com/gempwiy/status/1851715203370795109","877621309248634881","gempwiy"
"1851565927625826399","Wed Oct 30 19:57:48 +0000 2024","0","@ayyuaspita19 wkwk lucuu banget ritsuki kalo nangis","1851715143316705770","","ayyuaspita19","in","","0","0","0","https://x.com/hai_aldiy/status/1851715143316705770","1129405111300632578","hai_aldiy"
"1851390273072611708","Wed Oct 30 19:54:12 +0000 2024","0","@bukancogil icim rahat","1851714239880475024","","bukancogil","in","","0","1","0","https://x.com/gempwiy/status/1851714239880475024","877621309248634881","gempwiy"
"1851268251235524796","Wed Oct 30 19:53:46 +0000 2024","0","@frankoclost ada ada aja anjing ni cewe ","1851714130664919125","","frankoclost","in","","0","1","0","https://x.com/gempwiy/status/1851714130664919125","877621309248634881","gempwiy"
"1851268251235524796","Wed Oct 30 19:53:33 +0000 2024","0","@frankoclost kunang mood bgt lu","1851714077435007006","","frankoclost","in","","0","1","0","https://x.com/gempwiy/status/1851714077435007006","877621309248634881","gempwiy"
"1851268251235524796","Wed Oct 30 19:53:29 +0000 2024","1","@frankoclost LUCU BAT AJGGG","1851714058812297501","","frankoclost","in","","0","1","1","https://x.com/gempwiy/status/1851714058812297501","877621309248634881","gempwiy"
"1851268251235524796","Wed Oct 30 19:53:21 +0000 2024","0","@frankoclost BARU LIAT GUEE???","1851714024205094946","","frankoclost","in","","0","0","0","https://x.com/gempwiy/status/1851714024205094946","877621309248634881","gempwiy"
"1851706606872084831","Wed Oct 30 19:51:14 +0000 2024","0","@salsuls tidur lagii","1851713492723892550","","salsuls","in","","0","0","0","https://x.com/gempwiy/status/1851713492723892550","877621309248634881","gempwiy"
"1851711610748027083","Wed Oct 30 19:51:01 +0000 2024","0","@dsepongin pas itu kmrin aku ga begadang soalnya","1851713440248971705","","dsepongin","in","","0","1","0","https://x.com/gempwiy/status/1851713440248971705","877621309248634881","gempwiy"
"1851712928921313402","Wed Oct 30 19:49:00 +0000 2024","0"," hyuna hyunseung troublemaker tutorial mendapat ameba gold scr gratis bayu skak ","1851712928921313402","","","in","","0","0","0","https://x.com/gempwiy/status/1851712928921313402","877621309248634881","gempwiy"
"1851463128220909762","Wed Oct 30 19:47:14 +0000 2024","0","@dsepongin @poorntal @joelucuu lgi nonton windut","1851712486845898782","","dsepongin","in","","0","0","0","https://x.com/gempwiy/status/1851712486845898782","877621309248634881","gempwiy"
"1851711610748027083","Wed Oct 30 19:43:45 +0000 2024","0","apa harus paskib dlu biar bisa tidur cepet","1851711610748027083","","","in","","0","1","0","https://x.com/gempwiy/status/1851711610748027083","877621309248634881","gempwiy"
"1851708318466871332","Wed Oct 30 19:43:17 +0000 2024","0","@draqonlcrdd iya yah","1851711490866450719","","draqonlcrdd","in","","0","0","0","https://x.com/gempwiy/status/1851711490866450719","877621309248634881","gempwiy"
"1851619934734106889","Wed Oct 30 19:42:40 +0000 2024","0","@terovris @sangeebrt gateli","1851711334968365547","","terovris","in","","0","0","0","https://x.com/gempwiy/status/1851711334968365547","877621309248634881","gempwiy"
"1851706606872084831","Wed Oct 30 19:38:59 +0000 2024","0","@salsuls kamgen juga aku kmrin batin salsul kmna","1851710409096736951","","salsuls","in","","0","1","0","https://x.com/gempwiy/status/1851710409096736951","877621309248634881","gempwiy"
"1851707945303839008","Wed Oct 30 19:37:33 +0000 2024","0","@terovris @sangeebrt KOK LIAT AJA SI lewat kh","1851710050576011297","","terovris","in","","0","1","0","https://x.com/gempwiy/status/1851710050576011297","877621309248634881","gempwiy"
"1851704263426310206","Wed Oct 30 19:36:42 +0000 2024","0","@terovris hehe main ninja","1851709835424993433","","terovris","in","","0","0","0","https://x.com/gempwiy/status/1851709835424993433","877621309248634881","gempwiy"
"1851706606872084831","Wed Oct 30 19:28:47 +0000 2024","0","@salsuls haii kemana aja..","1851707844992864565","","salsuls","in","","0","1","0","https://x.com/gempwiy/status/1851707844992864565","877621309248634881","gempwiy"
"1851584886945051085","Wed Oct 30 19:24:00 +0000 2024","0","@tanyarlfes usaha dlu bru tawakkal","1851706641114370484","","tanyarlfes","in","","0","0","0","https://x.com/gempwiy/status/1851706641114370484","877621309248634881","gempwiy"
"1851704263426310206","Wed Oct 30 19:14:34 +0000 2024","0","ga tidur lagi part keberapa ini","1851704263426310206","","","in","","0","1","0","https://x.com/gempwiy/status/1851704263426310206","877621309248634881","gempwiy"
"1851701224254640185","Wed Oct 30 19:02:29 +0000 2024","0","39 api tenyata yg harus kujaga stiap hari","1851701224254640185","","","in","","0","0","0","https://x.com/gempwiy/status/1851701224254640185","877621309248634881","gempwiy"
"1851700320671535273","Wed Oct 30 18:58:56 +0000 2024","0","Trus ada narasi dari otak ceritanya emang udah berapa kali fanmeet sama ricky jadi udah gak kali pertama bisa ketemu dia dan sampe sho udah agak kenal wajahku. Makanya pas aku sadar tadi ada ricky dia kayak kok bisa ngeh aja ada ritsuki? ","1851700331077603391","","nisa_1927","in","","0","1","0","https://x.com/nisa_1927/status/1851700331077603391","931781767102476288","nisa_1927"
"1851456705328267412","Wed Oct 30 18:47:53 +0000 2024","0","@frankoclost jelek jelek gini klo ilang gemeter kosan lu","1851697549129953773","","frankoclost","in","","0","1","0","https://x.com/gempwiy/status/1851697549129953773","877621309248634881","gempwiy"
"1851588995354124420","Wed Oct 30 18:47:12 +0000 2024","0","@dinosukaescream cilik","1851697379680096281","","dinosukaescream","in","","0","0","0","https://x.com/gempwiy/status/1851697379680096281","877621309248634881","gempwiy"
"1851434748952133676","Wed Oct 30 18:43:34 +0000 2024","0","@ethelreally ngerinyo","1851696465212772542","","ethelreally","in","","0","0","0","https://x.com/gempwiy/status/1851696465212772542","877621309248634881","gempwiy"
"1851566147776508294","Wed Oct 30 18:19:39 +0000 2024","0","@gonuking udah tutup katanya kemaren tbtb yg daftar MEMBLUDAK ‚Äç btw KENAPA HARUS KYK RITSUKI... bukan berlinang air mata lg tp air liur..?","1851690445287674278","","gonuking","in","","0","1","0","https://x.com/amorgeon/status/1851690445287674278","1423261661541011463","amorgeon"
"1851686180628406774","Wed Oct 30 18:12:46 +0000 2024","0","@secbuby ak yg marah marah..","1851688714495496526","","secbuby","in","","0","1","0","https://x.com/gempwiy/status/1851688714495496526","877621309248634881","gempwiy"
"1851686180628406774","Wed Oct 30 18:12:37 +0000 2024","0","@nobakeOpso biasalah cewe","1851688676667068435","","nobakeOpso","in","","0","0","0","https://x.com/gempwiy/status/1851688676667068435","877621309248634881","gempwiy"
"1851686180628406774","Wed Oct 30 18:12:24 +0000 2024","0","@hijruah keliatan ya","1851688622367608982","","hijruah","in","","0","0","0","https://x.com/gempwiy/status/1851688622367608982","877621309248634881","gempwiy"
"1851688441073078302","Wed Oct 30 18:11:41 +0000 2024","0","hapal banget? https://t.co/Ya6MFFJyAS","1851688441073078302","https://pbs.twimg.com/media/GbKE0lWakAIhhDJ.jpg","","in","","0","1","0","https://x.com/gempwiy/status/1851688441073078302","877621309248634881","gempwiy"
"1851565927625826399","Wed Oct 30 18:11:23 +0000 2024","0","@ayyuaspita19 wedi bgt disedot ritsuki","1851688365890138279","","ayyuaspita19","in","","0","0","0","https://x.com/punyamatchaaa/status/1851688365890138279","1719681400071393281","punyamatchaaa"
"1851565927625826399","Wed Oct 30 18:03:21 +0000 2024","0","@ayyuaspita19 Ritsuki kalo nangis kebiasaan deh","1851686343187010004","","ayyuaspita19","in","Rbg, Jawa Tengah","0","0","0","https://x.com/dinanadinaaaa/status/1851686343187010004","1184001943284285441","dinanadinaaaa"
"1851686180628406774","Wed Oct 30 18:02:42 +0000 2024","0","udh malem masi marah2 mulu","1851686180628406774","","","in","","0","4","0","https://x.com/gempwiy/status/1851686180628406774","877621309248634881","gempwiy"
"1851685527382298797","Wed Oct 30 18:00:07 +0000 2024","0","emg bole ya udh dtinggal jam segini","1851685527382298797","","","in","","0","1","0","https://x.com/gempwiy/status/1851685527382298797","877621309248634881","gempwiy"
"1851398397372387377","Wed Oct 30 17:58:11 +0000 2024","0","@dikidawawe3 mulus bgt kocak","1851685044253004059","","dikidawawe3","in","","0","0","0","https://x.com/gempwiy/status/1851685044253004059","877621309248634881","gempwiy"
"1851683896024551442","Wed Oct 30 17:57:49 +0000 2024","0","@neptsunus kangen siapa :(","1851684952502604261","","neptsunus","in","","0","0","0","https://x.com/gempwiy/status/1851684952502604261","877621309248634881","gempwiy"
"1851391871626723750","Wed Oct 30 17:57:08 +0000 2024","0","@vasbunva bener banget anjerot","1851684777541410825","","vasbunva","in","","0","0","0","https://x.com/gempwiy/status/1851684777541410825","877621309248634881","gempwiy"
"1851457030869172281","Wed Oct 30 17:57:00 +0000 2024","0","@geqmai tahun ini iya tp nangis seneng","1851684745807270316","","geqmai","in","","0","0","0","https://x.com/gempwiy/status/1851684745807270316","877621309248634881","gempwiy"
"1851681087644406038","Wed Oct 30 17:53:13 +0000 2024","0","@ceberapa WKWKWKWKWKWKKW BOLEH","1851683791787708437","","ceberapa","in","","0","0","0","https://x.com/gempwiy/status/1851683791787708437","877621309248634881","gempwiy"
"1851578678112850099","Wed Oct 30 17:52:55 +0000 2024","0","@_inimichi kocok @aktyis","1851683715795292317","","_inimichi","in","","0","1","0","https://x.com/gempwiy/status/1851683715795292317","877621309248634881","gempwiy"
"1851414721695793400","Wed Oct 30 17:52:42 +0000 2024","0","@babacodan ditempatku adanya jam 6 doang anj nanti sholat nya gmn","1851683663710425346","","babacodan","in","","0","1","0","https://x.com/gempwiy/status/1851683663710425346","877621309248634881","gempwiy"
"1851535925547016223","Wed Oct 30 17:52:15 +0000 2024","0","@Bintang_Nayna basing lah","1851683549466030238","","Bintang_Nayna","in","","0","0","0","https://x.com/gempwiy/status/1851683549466030238","877621309248634881","gempwiy"
"1851612991382487258","Wed Oct 30 17:47:07 +0000 2024","0","@desndam sayang","1851682256223686742","","desndam","in","","0","1","0","https://x.com/gempwiy/status/1851682256223686742","877621309248634881","gempwiy"
"1851680653097734159","Wed Oct 30 17:40:44 +0000 2024","4","kek ritsuki lirikan mautnya WKWK","1851680653097734159","","","in","","0","0","0","https://x.com/Friscaa_Y/status/1851680653097734159","121764576","Friscaa_Y"
"1851676040630063601","Wed Oct 30 17:39:10 +0000 2024","0","@geallatoo bukan ‚ÄçÔ∏è","1851680256039751853","","geallatoo","in","","0","0","0","https://x.com/gempwiy/status/1851680256039751853","877621309248634881","gempwiy"
"1851675283885297951","Wed Oct 30 17:20:47 +0000 2024","0","@aktyis kenapa bos","1851675632641655141","","aktyis","in","","0","1","0","https://x.com/gempwiy/status/1851675632641655141","877621309248634881","gempwiy"
"1851669515891020276","Wed Oct 30 17:20:40 +0000 2024","0","@hijruah watdehek","1851675601205387551","","hijruah","in","","0","0","0","https://x.com/gempwiy/status/1851675601205387551","877621309248634881","gempwiy"
"1851669515891020276","Wed Oct 30 17:08:52 +0000 2024","0","@ehsundulu gambar mata","1851672631482945947","","ehsundulu","in","","0","0","0","https://x.com/gempwiy/status/1851672631482945947","877621309248634881","gempwiy"
"1851669515891020276","Wed Oct 30 17:02:25 +0000 2024","0","@hijruah krayon buat anak kecil","1851671009025495485","","hijruah","in","","0","1","0","https://x.com/gempwiy/status/1851671009025495485","877621309248634881","gempwiy"
"1851589575682261156","Wed Oct 30 16:56:36 +0000 2024","0","@frankoclost tabarkallahu","1851669546756903090","","frankoclost","in","","0","0","0","https://x.com/gempwiy/status/1851669546756903090","877621309248634881","gempwiy"
"1851669515891020276","Wed Oct 30 16:56:29 +0000 2024","0","eyelinerku habis buat gambar doang","1851669515891020276","","","in","","0","2","0","https://x.com/gempwiy/status/1851669515891020276","877621309248634881","gempwiy"
"1851529501945069757","Wed Oct 30 16:46:51 +0000 2024","0","@sidewakl @munvess lu gabut ya nan","1851667090299855252","","sidewakl","in","","0","0","0","https://x.com/gempwiy/status/1851667090299855252","877621309248634881","gempwiy"
"1851565927625826399","Wed Oct 30 16:32:53 +0000 2024","0","@ayyuaspita19 ada aja ritsuki nih","1851663578279059700","","ayyuaspita19","in","ŸÖŸÉÿ©","0","0","0","https://x.com/pevtrpn/status/1851663578279059700","896322446285979649","pevtrpn"
"1851630127190552941","Wed Oct 30 16:32:36 +0000 2024","0","@aktyis kok bisa njir","1851663506078310725","","aktyis","in","","0","0","0","https://x.com/gempwiy/status/1851663506078310725","877621309248634881","gempwiy"
"1851592007380332838","Wed Oct 30 16:32:18 +0000 2024","0","@locjtus org cantik gabole galau","1851663427502268581","","locjtus","in","","0","2","0","https://x.com/gempwiy/status/1851663427502268581","877621309248634881","gempwiy"
"1851592007380332838","Wed Oct 30 16:32:11 +0000 2024","0","@locjtus cantik gini klo galau si sayang","1851663400088310119","","locjtus","in","","0","1","0","https://x.com/gempwiy/status/1851663400088310119","877621309248634881","gempwiy"
"1851565927625826399","Wed Oct 30 16:31:28 +0000 2024","0","@ayyuaspita19 ritsuki lucu bgt pls","1851663220920160479","","ayyuaspita19","in","","0","0","0","https://x.com/khaaaisya/status/1851663220920160479","1261014312048447488","khaaaisya"
"1851565927625826399","Wed Oct 30 16:16:05 +0000 2024","0","@ayyuaspita19 ritsuki lucu banget","1851659346624844159","","ayyuaspita19","in","Agust D ü•¢","0","0","0","https://x.com/minesuga27/status/1851659346624844159","3080162052","minesuga27"
"1851603333490057335","Wed Oct 30 16:03:23 +0000 2024","0","@nocontextellay kok mirip ritsuki gini","1851656153249505727","","nocontextellay","in","","0","0","0","https://x.com/DoNotTalkToo/status/1851656153249505727","1763375848902840321","DoNotTalkToo"
"1851651816242741250","Wed Oct 30 15:49:24 +0000 2024","1","Aku juga terlalu banyak ngeluh dan berisik. Pdhl contoh dua orang ini mungkin ga seberuntung aku kesehatan materi dllnya. Ga eling khasnya Ritsuki itu dalem artinya ga inget gaada evaluasi. Ayolah dhiq sadar sadar sadar ayo bisa pasti kalahin dirimu sendiri.","1851652633045737604","","yoigasih","in","Bakpia city","0","1","0","https://x.com/yoigasih/status/1851652633045737604","1427617878954610703","yoigasih"
"1851565927625826399","Wed Oct 30 15:45:30 +0000 2024","0","@ayyuaspita19 wkwkw ritsuki mah beda","1851651653260423357","","ayyuaspita19","in","dimensi seni","0","0","0","https://x.com/akuberddebu/status/1851651653260423357","1373924937988071426","akuberddebu"
"1851565927625826399","Wed Oct 30 15:21:59 +0000 2024","0","@ayyuaspita19 cuma ritsuki yah haha","1851645734749393057","","ayyuaspita19","in","","0","0","0","https://x.com/proses_dewasa/status/1851645734749393057","1199854684892057600","proses_dewasa"
"1851513059237642747","Wed Oct 30 15:18:17 +0000 2024","0","@ftroubel Nonton ritsuki ria sw. Kadang random juga","1851644801634226210","","ftroubel","in","","0","0","0","https://x.com/zixlyn/status/1851644801634226210","1233402245888212993","zixlyn"
"1851633749878059366","Wed Oct 30 14:55:33 +0000 2024","0","@krystald Wkwkwk lucu banget itu kakaknya ritsuki?","1851639082134462903","","krystald","in","Elias/jiro","0","1","0","https://x.com/mandadory/status/1851639082134462903","3268820959","mandadory"
"1851570684687994944","Wed Oct 30 14:53:21 +0000 2024","0","@xxmyeonxx Kak cla udh pernah ketemu ritsuki belum?","1851638528809320572","","xxmyeonxx","in","","0","0","0","https://x.com/Nrissss_/status/1851638528809320572","1563840597387255809","Nrissss_"
"1851565927625826399","Wed Oct 30 14:44:15 +0000 2024","0","@ayyuaspita19 ritsuki emang beda sih","1851636236336919002","","ayyuaspita19","in","Old Trafford","0","0","0","https://x.com/dudinq__/status/1851636236336919002","1172012865961611269","dudinq__"
"1851632639788061183","Wed Oct 30 14:36:57 +0000 2024","0","@syavelle Dari pagi aku dispam pictnya dede ritsuki ","1851634399730634884","","syavelle","in"," ÊúàÂÖâ","0","0","0","https://x.com/Superficcials/status/1851634399730634884","829636252898963458","Superficcials"
"1851634240355799287","Wed Oct 30 14:36:19 +0000 2024","1","tdk sabar mllihat konten abe dan ritsuki‚Äç‚ÜïÔ∏è","1851634240355799287","","","in","","0","1","1","https://x.com/aluaulia/status/1851634240355799287","2882133715","aluaulia"
"1851566147776508294","Wed Oct 30 14:34:49 +0000 2024","0","@_twistedtangled yah padahal MINAT BANGET soalnya kemaren aku agak diketawain gt grgr nangis kejer kayak ritsuki","1851633863791190265","","_twistedtangled","in","zb1 241026","0","1","0","https://x.com/gonuking/status/1851633863791190265","867518715813703681","gonuking"
"1851565927625826399","Wed Oct 30 14:29:13 +0000 2024","0","@ayyuaspita19 Beda dari yang lain sih emang ritsuki","1851632456618967289","","ayyuaspita19","in","","0","0","0","https://x.com/bsapphirect/status/1851632456618967289","1581843948838223872","bsapphirect"
"1851565927625826399","Wed Oct 30 14:24:05 +0000 2024","0","@ayyuaspita19 Biasalah ritsuki ya","1851631162286116915","","ayyuaspita19","in","","0","0","0","https://x.com/ootd_racunmu/status/1851631162286116915","751877522","ootd_racunmu"
"1851565927625826399","Wed Oct 30 14:20:08 +0000 2024","0","@ayyuaspita19 lucu bgt ritsuki","1851630167241720319","","ayyuaspita19","in","Indonesia","0","0","0","https://x.com/produxtif/status/1851630167241720319","1300664296007897088","produxtif"
"1851565927625826399","Wed Oct 30 14:02:51 +0000 2024","0","@ayyuaspita19 ekspresinya ritsuki ga ngebosenin","1851625820613407160","","ayyuaspita19","in","ui","0","0","0","https://x.com/zioshall/status/1851625820613407160","1735848041238900736","zioshall"
"1851625378902864295","Wed Oct 30 14:01:06 +0000 2024","0","rencana mau megang bab 1 eh tai malah nyaman liat ritsuki dan emaknya","1851625378902864295","","","in","Heeramandi","0","1","0","https://x.com/your_nicotinee/status/1851625378902864295","1492336757236707330","your_nicotinee"
"1851624598783291717","Wed Oct 30 13:58:00 +0000 2024","0","Ritsuki gemec sekali udah bisa WOA ke umma","1851624598783291717","","","in","","0","2","0","https://x.com/nsaneira/status/1851624598783291717","1583701676586078213","nsaneira"
"1851622998450770191","Wed Oct 30 13:51:38 +0000 2024","0","Ritsuki core meme kucing aries leo sagitarius ahahah","1851622998450770191","","","in","Makasar, Indonesia","0","0","0","https://x.com/anakbaik807/status/1851622998450770191","1566079496234512384","anakbaik807"
"1851620140405973082","Wed Oct 30 13:40:17 +0000 2024","1","ritsuki masak ama pak bambang anteng masak ama uma mega kek reog kesurupan","1851620140405973082","","","in","Heeramandi","0","0","0","https://x.com/your_nicotinee/status/1851620140405973082","1492336757236707330","your_nicotinee"
"1851619609436385689","Wed Oct 30 13:38:10 +0000 2024","0","Dulu waktu stress skripsian salah satu stress release ku tuh nontonin videonya abe. Sekarang kalo lagi banyak pikiran lagi sedih atau lagi ngga mood nontonin ritsuki sama umamega. Beneran bikin mood jadi bagus lagi. Sehat bahagia dan hidup lebih lama ya Abe + Ueno family","1851619609436385689","","","in","","0","0","0","https://x.com/peachaepricot/status/1851619609436385689","1598926306137100289","peachaepricot"
"1851565927625826399","Wed Oct 30 13:34:24 +0000 2024","0","@ayyuaspita19 paling suka lihat ritsuki nangis","1851618659925660144","","ayyuaspita19","in","location unknown ","0","0","0","https://x.com/acbsurd/status/1851618659925660144","1263101155170586625","acbsurd"
"1851565927625826399","Wed Oct 30 12:07:20 +0000 2024","0","@ayyuaspita19 cuma ritsuki yg bisaa","1851596749040959697","","ayyuaspita19","in","","0","0","0","https://x.com/Pyralisice/status/1851596749040959697","1538825178754363394","Pyralisice"
"1851585876381639145","Wed Oct 30 12:05:10 +0000 2024","0","@cehlos kata ritsuki boleeeehh sayaaank ","1851596203303288977","","cehlos","in","","0","0","0","https://x.com/queenhoki_/status/1851596203303288977","1717564517188853760","queenhoki_"
"1851565927625826399","Wed Oct 30 12:04:15 +0000 2024","1","@ayyuaspita19 Hahaha ya ampun ritsuki nangisnya","1851595973803557288","","ayyuaspita19","in","Jakarta Capital Region","0","0","0","https://x.com/ino_wilmac/status/1851595973803557288","57914598","ino_wilmac"
"1851565927625826399","Wed Oct 30 11:52:10 +0000 2024","0","@ayyuaspita19 Itulah namanya ritsuki","1851592932031394022","","ayyuaspita19","in","","0","0","0","https://x.com/dakwapedia/status/1851592932031394022","1576813478358097921","dakwapedia"
"1851565927625826399","Wed Oct 30 11:51:14 +0000 2024","0","@ayyuaspita19 Lucu banget ritsuki","1851592697502396656","","ayyuaspita19","in","","0","0","0","https://x.com/hijrahpath_/status/1851592697502396656","1681317664550191106","hijrahpath_"
"1851565927625826399","Wed Oct 30 11:49:39 +0000 2024","0","@ayyuaspita19 Ritsuki mah gini bgt klo nangis","1851592298141987314","","ayyuaspita19","in","Sumatera Utara, Indonesia","0","0","0","https://x.com/Fahmatchaa/status/1851592298141987314","2741495809","Fahmatchaa"
"1851565927625826399","Wed Oct 30 11:48:19 +0000 2024","0","@ayyuaspita19 Lucu banget ritsuki","1851591964426486246","","ayyuaspita19","in","","0","0","0","https://x.com/helasheir/status/1851591964426486246","1681579650668171270","helasheir"
"1851565927625826399","Wed Oct 30 11:45:13 +0000 2024","0","@ayyuaspita19 Ritsuki klo nangis lucu wkwk","1851591181551239254","","ayyuaspita19","in","Los Angeles, CA","0","0","0","https://x.com/imjustgirlx/status/1851591181551239254","1347134295182200834","imjustgirlx"
"1851589575682261156","Wed Oct 30 11:44:49 +0000 2024","0","@toystoqry aku pake yasin gpp?","1851591081139503418","","toystoqry","in","","0","0","0","https://x.com/gempwiy/status/1851591081139503418","877621309248634881","gempwiy"
"1851589908542165218","Wed Oct 30 11:43:15 +0000 2024","3","ungu pastel nya udah kaya bilang ayo checkout aku ritsuki backpack https://t.co/cRK1N3O84T https://t.co/7pBlj2iXnX","1851590686208069902","https://pbs.twimg.com/media/GbIr4BObEAErBGx.jpg","jacfkpot","in","orensshop‚Äîüõí","0","1","0","https://x.com/jacfkpot/status/1851590686208069902","771386587812798465","jacfkpot"
"1851260793612116089","Wed Oct 30 11:39:45 +0000 2024","0","@fundameeental HAH ADA?","1851589805823418537","","fundameeental","in","","0","0","0","https://x.com/gempwiy/status/1851589805823418537","877621309248634881","gempwiy"
"1851421274339238195","Wed Oct 30 11:38:58 +0000 2024","0","@menvcium @munvess klo kebanyakan say sorry jd brp","1851589610461380897","","menvcium","in","","0","2","0","https://x.com/gempwiy/status/1851589610461380897","877621309248634881","gempwiy"
"1851589575682261156","Wed Oct 30 11:38:50 +0000 2024","0","enak betul lah bangun2 langsung sholat","1851589575682261156","","","in","","0","2","0","https://x.com/gempwiy/status/1851589575682261156","877621309248634881","gempwiy"
"1851565927625826399","Wed Oct 30 11:31:40 +0000 2024","0","@ayyuaspita19 keinget abe bilang ritsuki dan ritsunat. ","1851587772638978543","","ayyuaspita19","in","Handle by Admin, Personal Acc.","0","0","0","https://x.com/aviahtion/status/1851587772638978543","925740084992737285","aviahtion"
"1851520732200599601","Wed Oct 30 11:30:49 +0000 2024","7","@manusiaaanonim @starfess Mereka tu apa ga punya influencer lokal? Misal kaya abe ritsuki laura fadil keanu dll yang seru2 gitu dan yang isinya ga bersaing gitu loh kaya real life yg bener2 seru aja. Beneran tanyaa","1851587558654066817","","manusiaaanonim","in","GG4EVA‚ô°","0","1","0","https://x.com/anaksverusnape/status/1851587558654066817","528134084","anaksverusnape"
"1851565927625826399","Wed Oct 30 11:29:42 +0000 2024","0","@ayyuaspita19 haha ritsuki knpa","1851587278604521839","","ayyuaspita19","in","","0","0","0","https://x.com/KikoyBarry/status/1851587278604521839","577318073","KikoyBarry"
"1851458421889106276","Wed Oct 30 11:26:18 +0000 2024","0","@cvddlepop Yg belakang mirip ritsuki","1851586421229785267","","cvddlepop","in","Surakarta, Jawa Tengah","0","0","0","https://x.com/cok199/status/1851586421229785267","1060442242010144771","cok199"
"1851585245851849149","Wed Oct 30 11:21:38 +0000 2024","0","maw ketemu ritsuki sama ritsuNat","1851585245851849149","","","in","fhub 24","0","0","0","https://x.com/yujinfh/status/1851585245851849149","978248710793523200","yujinfh"
"1851565927625826399","Wed Oct 30 11:16:26 +0000 2024","0","@ayyuaspita19 Wkwk lucu banget sih ritsuki","1851583937581342896","","ayyuaspita19","in","Indonesia","0","0","0","https://x.com/minkaput/status/1851583937581342896","1128603452475461637","minkaput"
